{"cameraMode":{"drawMode":0,"name":"Shaded","section":"Shading Mode"},"sceneLighting":true,"audioPlay":false,"sceneViewState":{"m_AlwaysRefresh":false,"showFog":true,"showSkybox":true,"showFlares":true,"showImageEffects":true,"showParticleSystems":true,"showVisualEffectGraphs":true,"m_FxEnabled":true},"in2DMode":false,"pivot":{"x":0.4106132984161377,"y":3.9876418113708498,"z":-0.6784524917602539},"rotation":{"x":-0.010751175694167614,"y":0.9887827634811401,"z":-0.11953728646039963,"w":-0.0889313668012619},"size":6.383012294769287,"orthographic":false}