{"cameraMode":{"drawMode":0,"name":"Shaded","section":"Shading Mode"},"sceneLighting":true,"audioPlay":false,"sceneViewState":{"m_AlwaysRefresh":false,"showFog":true,"showSkybox":true,"showFlares":true,"showImageEffects":true,"showParticleSystems":true,"showVisualEffectGraphs":true,"m_FxEnabled":true},"in2DMode":false,"pivot":{"x":-18.51297378540039,"y":-12.517390251159668,"z":5.884098052978516},"rotation":{"x":0.20996086299419404,"y":0.41517871618270876,"z":-0.09909914433956146,"w":0.8796221017837524},"size":26.256879806518556,"orthographic":false}