{"cameraMode":{"drawMode":0,"name":"Shaded","section":"Shading Mode"},"sceneLighting":true,"audioPlay":false,"sceneViewState":{"m_AlwaysRefresh":false,"showFog":true,"showSkybox":true,"showFlares":true,"showImageEffects":true,"showParticleSystems":true,"showVisualEffectGraphs":true,"m_FxEnabled":true},"in2DMode":false,"pivot":{"x":-18.899999618530275,"y":-2.6999998092651369,"z":-55.099998474121097},"rotation":{"x":0.20996086299419404,"y":0.41517871618270876,"z":-0.09909914433956146,"w":0.8796221017837524},"size":12.12435531616211,"orthographic":false}